{"identity_ci": {"auroc": 0.809, "lo": 0.7827, "hi": 0.8332, "n_pairs": 1200, "n_anchors": 600}, "identity_spectrum_scores": [-0.550611, -0.120191, 0.393956, 0.580059, 0.293708, -0.440557, -0.526819, -0.164824, 0.635829, 0.359284, 0.783438, -0.721229, -0.128702, 0.360653, 0.739125, 0.709298, -0.359632, 0.304406, 0.525494, 0.542971, 0.474547, -0.86076, 0.76162, -0.676717, -0.031509, 0.786706, 0.739608, -0.767692, 0.723412, 0.849981, 0.358376, 0.834671, -0.014566, -0.585251, -0.137201, 0.257723, -0.561572, 0.705323, -0.245582, -0.005817, -0.526028, 0.669498, 0.760476, -0.75794, 0.586115, 0.258233, -0.701088, 0.574539, 0.418039, 0.223462, 0.424185, 0.685473, -0.759258, 0.832173, 0.016229, 0.676295, 0.649104, 0.512746, 0.116593, 0.028621, -0.310599, -0.709814, 0.524292, 0.741635, 0.826298, -0.826437, 0.617221, 0.291618, 0.762284, 0.547337, 0.620984, 0.549925, -0.804376, 0.626357, -0.45259, -0.673967, -0.687885, -0.542485, 0.794466, -0.782923, 0.278162, -0.207707, -0.420935, 0.523684, -0.660273, 0.733317, -0.604966, 0.517746, 0.503686, 0.636138, 0.84584, 0.598255, 0.161961, -0.645985, 0.848669, -0.131147, 0.749466, 0.822554, 0.735447, -0.552305, -0.470835, 0.148318, -0.572753, 0.78784, -0.206434, -0.852838, -0.498834, -0.601983, 0.830988, 0.722733, -0.204686, 0.337092, 0.630303, 0.745118, 0.602054, -0.698748, 0.60868, -0.292276, 0.146268, 0.711059, 0.598914, -0.223384, -0.389978, 0.107668, -0.812252, 0.252037, -0.332961, 0.704597, -0.673539, 0.582639, -0.638905, -0.098578, 0.599921, -0.238788, -0.576348, 0.557031, 0.517536, -0.055957, 0.18902, -0.161705, 0.709042, -0.592833, -0.024453, -0.632365, 0.604683, 0.65749, 0.68699, -0.588857, 0.632117, 0.68585, 0.713814, 0.592439, 0.426346, 0.257001, 0.270617, 0.119895, -0.624938, -0.72297, 0.331072, 0.84498, -0.374481, 0.002836, -0.305036, -0.600484, -0.54453, -0.360433, -0.793794, 0.823145, 0.29654, 0.6816, 0.733709, 0.420356, -0.4578, 0.52284, 0.280124, -0.805605, -0.13659, -0.747173, -0.76132, -0.780252, -0.754113, 0.355479, -0.279373, 0.629448, 0.434698, -0.545289, 0.275867, -0.447698, -0.713368, 0.080363, -0.84708, -0.761976, -0.775259, 0.535257, -0.508613, -0.295134, 0.100108, -0.271932, -0.62677, -0.714697, -0.369363, 0.061949, 0.685891, 0.851342, 0.64019, -0.551213, 0.548107, 0.177654, 0.700511, 0.498825, -0.338869, 0.132498, 0.172954, 0.627437, 0.1397, 0.745741, 0.02462, 0.808347, -0.696917, 0.794792, -0.624682, 0.504472, -0.820356, -0.101519, 0.296663, 0.510761, 0.555891, -0.165461, -0.650836, -0.725342, -0.766591, 0.021308, -0.214653, 0.262565, -0.413323, 0.778489, 0.717746, 0.535483, 0.850787, 0.516878, -0.269924, -0.120614, 0.591877, -0.199414, 0.195279, 0.558473, 0.125273, 0.689118, 0.654817, 0.039877, -0.318629, -0.390476, 0.060577, 0.410773, -0.808216, 0.118582, -0.378251, -0.429442, 0.489228, 0.115981, 0.294419, -0.715846, -0.870942, -0.600375, -0.752192, 0.559871, 0.428505, 0.267967, -0.789859, -0.317492, -0.161557, 0.661168, 0.406876, -0.695903, 0.706698, -0.867481, 0.115835, 0.57052, -0.712, 0.178971, -0.591056, -0.712539, -0.58279, 0.581637, -0.825766, -0.145108, -0.212063, -0.609416, -0.327172, 0.803205, -0.712718, 0.205478, -0.723955, 0.814262, 0.814262, 0.814262, 0.799961, 0.210242, -0.078918, 0.337126, -0.492278, 0.185095, -0.658571, -0.672518, -0.469432, 0.813144, 0.490355, 0.725694, -0.79842, 0.568498, -0.555793, -0.527703, 0.745525, 0.512245, 0.499139, 0.350578, 0.1713, -0.242027, 0.617379, 0.413755, 0.261846, -0.811143, 0.215487, 0.404363, 0.707303, -0.284831, -0.281421, 0.735317, -0.624295, 0.596698, 0.610272, 0.255402, -0.203241, -0.163341, -0.699446, 0.70168, 0.231743, -0.642359, -0.697762, 0.629693, 0.817768, -0.587249, 0.542759, 0.222179, 0.813733, 0.142268, -0.009446, -0.297869, -0.348681, 0.733107, -0.54944, -0.109426, 0.217245, -0.671553, 0.216752, -0.687147, -0.592042, 0.519692, 0.198663, 0.284822, -0.847815, -0.622324, -0.528389, -0.583167, 0.117897, 0.47085, 0.752241, 0.429025, 0.654206, -0.787137, 0.26433, -0.483713, 0.653963, 0.762941, -0.755895, 0.743394, 0.600536, -0.662873, -0.809642, -0.826942, -0.525501, -0.56187, -0.772617, 0.759977, -0.827501, 0.036589, -0.435396, -0.477166, -0.613526, 0.846648, 0.199715, -0.630024, 0.761779, -0.52355, -0.866456, 0.224762, 0.782468, 0.803038, -0.557928, -0.79055, 0.227968, 0.53243, -0.205434, -0.818251, -0.655369, 0.362631, 0.34427, 0.072764, 0.675772, -0.678344, -0.782818, -0.187435, -0.482196, -0.720043, 0.021002, -0.329763, -0.666851, -0.625745, -0.219444, 0.12265, 0.303563, 0.435298, -0.774609, 0.708455, -0.470818, 0.808675, -0.641271, 0.581968, 0.560082, 0.450393, -0.558841, 0.070175, 0.414269, -0.255316, 0.18873, 0.292372, 0.47516, 0.203045, -0.37722, -0.694635, 0.765184, 0.461392, -0.703204, 0.033575, -0.343743, 0.645996, 0.04032, -0.060747, 0.458754, -0.101116, 0.412338, -0.586489, 0.321569, 0.687761, -0.052901, 0.600135, -0.101443, -0.487365, 0.235607, 0.480483, -0.113918, -0.694352, -0.139897, -0.673285, -0.290204, 0.580067, -0.734278, -0.430824, -0.656557, 0.010244, -0.746587, -0.800334, 0.110322, -0.252773, -0.456068, 0.6148, 0.243123, -0.569063, 0.02304, 0.62728, -0.785479, 0.394299, 0.779771, 0.463041, 0.016058, -0.621533, 0.272703, 0.390749, -0.273961, -0.659865, 0.701755, -0.790985, 0.836819, 0.272035, 0.68307, 0.615478, 0.606904, 0.164889, 0.756488, -0.60243, -0.573155, 0.593224, 0.251861, 0.264729, 0.706317, -0.52796, 0.30601, -0.812525, -0.403355, 0.655474, 0.838761, -0.492184, 0.40149, 0.631994, 0.325982, -0.775791, 0.573614, 0.846458, 0.764634, -0.435691, 0.136853, 0.762585, -0.715873, 0.725456, -0.617411, -0.509325, 0.612522, -0.479404, -0.013559, 0.557996, 0.531175, 0.216539, -0.81247, 0.680384, -0.040738, -0.797291, 0.708897, 0.355226, 0.510116, 0.694753, -0.879084, 0.449965, 0.246649, 0.643734, 0.768178, 0.215909, 0.310974, -0.375712, 0.585417, 0.545525, 0.494637, 0.701259, -0.130588, 0.428908, -0.210517, -0.166445, -0.013708, 0.174248, 0.317742, -0.441946, 0.455681, 0.72895, 0.62243, -0.761728, 0.7813, 0.511171, -0.502685, -0.546187, 0.718066, 0.777948, 0.473318, 0.405101, 0.550669, 0.539438, 0.443744, 0.537754, -0.113229, 0.651784, -0.861372, 0.718316, 0.551039, 0.551221, -0.836777, 0.511247, 0.685117, 0.382368, -0.486828, -0.371293, -0.742924, -0.545564, 0.771933, -0.096016, -0.338153, -0.622687, 0.732747, 0.412209, 0.251977, -0.112834, 0.067555, 0.228317, 0.637684, -0.584228, -0.603724, 0.170305, 0.698997, -0.117309, 0.287874, -0.369007, -0.226878, -0.329222, 0.331304, -0.575032, 0.551079, 0.774817, 0.119248, 0.853074, -0.810227, 0.40359, 0.38211, 0.388536, 0.333416, -0.467104, -0.648947, 0.040247, 0.582243, -0.746036, -0.480824, -0.433259, 0.376118, -0.014932, -0.851652, -0.447446, -0.197971, 0.582995, -0.218448, 0.801907, -0.784528, 0.009014, 0.261773, 0.550557, 0.312915, -0.827177, -0.462885, 0.613528, 0.868213, -0.507897, -0.287764, -0.422387, 0.29249, 0.795957, 0.433744, -0.434539, 0.049901, 0.534775, -0.798672, 0.409612, -0.43861, -0.486228, 0.664015, 0.393419, 0.530536, -0.67136, -0.642405, -0.642405, -0.758626, -0.821882, -0.869209, -0.798572, -0.078439, -0.406318, -0.854137, 0.630841, 0.221767, 0.322648, -0.111464, 0.473499, -0.724116, 0.682393, -0.824005, 0.41692, -0.161158, 0.42856, 0.708179, -0.187682, 0.779108, 0.779108, -0.721775, 0.765739, -0.721853, -0.290888, 0.004783, 0.626557, 0.391493, -0.53371, -0.354191, 0.612607, 0.094013, -0.526677, 0.100531, 0.446952, -0.325161, -0.603925, -0.19901, 0.715234, 0.822614, 0.60263, 0.74831, 0.591167, -0.092562, 0.323603, -0.198424, 0.594709, -0.562922, -0.442458, -0.733571, 0.430427, 0.523118, 0.495652, -0.667388, 0.174804, -0.82839, -0.713154, -0.75686, -0.723044, -0.723044, 0.578831, 0.717583, 0.489476, -0.579804, 0.470795, -0.303315, 0.619833, -0.047011, 0.475374, 0.161769, 0.308536, -0.440143, 0.824217, 0.75574, -0.625634, -0.269455, 0.734583, 0.305084, 0.537688, -0.198087, -0.397749, 0.368578, 0.168512, -0.607414, 0.290668, -0.562484, 0.785812, 0.146441, -0.729897, 0.53921, 0.074341, 0.760245, -0.265655, -0.073509, 0.612522, -0.845057, 